{"name":"814e7e11-1d34-4201-acb7-61c55a42780e","id":"/providers/Microsoft.Flow/flows/814e7e11-1d34-4201-acb7-61c55a42780e","type":"Microsoft.Flow/flows","properties":{"apiId":"/providers/Microsoft.PowerApps/apis/shared_logicflows","displayName":"Inhouse IT","definition":{"metadata":{"workflowEntityId":null,"processAdvisorMetadata":null,"flowChargedByPaygo":null,"flowclientsuspensionreason":"None","flowclientsuspensiontime":null,"flowclientsuspensionreasondetails":null,"creator":{"id":"cfbfc2a1-2bb4-425b-96b3-b83c7a53e0b2","type":"User","tenantId":"d8660806-f38d-4ca0-a6f1-8deb7cfe8971"},"provisioningMethod":"FromDefinition","failureAlertSubscription":true,"clientLastModifiedTime":"2025-01-27T20:17:07.7554756Z","connectionKeySavedTimeKey":"2025-01-27T20:17:07.7554756Z"},"$schema":"https://schema.management.azure.com/providers/Microsoft.Logic/schemas/2016-06-01/workflowdefinition.json#","contentVersion":"1.0.0.0","parameters":{"$authentication":{"defaultValue":{},"type":"SecureObject"},"$connections":{"defaultValue":{},"type":"Object"}},"triggers":{"When_an_item_is_created_or_modified":{"recurrence":{"interval":5,"frequency":"Minute"},"splitOn":"@triggerOutputs()?['body/value']","metadata":{"operationMetadataId":"da482945-ad5a-4f03-8794-3288d941315d"},"type":"OpenApiConnection","inputs":{"parameters":{"dataset":"https://zones.sharepoint.com/teams/Finance/globalfinance","table":"c6c0398d-92e5-48cf-8270-b24d2f1b39b4"},"host":{"apiId":"/providers/Microsoft.PowerApps/apis/shared_sharepointonline","connectionName":"shared_sharepointonline","operationId":"GetOnUpdatedItems"},"authentication":"@parameters('$authentication')"}}},"actions":{"Condition":{"actions":{"Create_HTML_table":{"runAfter":{"Set_variable":["Succeeded"]},"metadata":{"operationMetadataId":"9d586b99-91db-4a73-a233-841650e7f74a"},"type":"Table","inputs":{"from":"@outputs('Wait_for_an_approval')?['body/responses']","format":"HTML","columns":[{"header":"Approver","value":"@item()?['responder/displayName']"},{"header":"Response Date","value":"@dateDifference(item()?['requestDate'],item()?['responseDate'])"},{"header":"Decision","value":"@item()?['approverResponse']"},{"header":"Comments","value":"@item()?['comments']"}]}},"Compose-copy":{"runAfter":{"Create_HTML_table":["Succeeded"]},"metadata":{"operationMetadataId":"92bdbc1e-14c7-4b5b-8c3a-cf6e1cdfc716"},"type":"Compose","inputs":"@replace(replace(replace(body('Create_HTML_table'),'<table>','<table border=\"1px solid #ddd\" width=\"100%\" '),'<td>','<td style=\"padding:10px\">'),'<th>','<th style=\"padding:10px\">')\n\n"},"Create_an_approval":{"metadata":{"operationMetadataId":"1ad773e1-96ae-4b65-ab27-d48129a27dd0"},"type":"OpenApiConnection","inputs":{"parameters":{"approvalType":"Basic","ApprovalCreationInput/title":"Please approve order: @{triggerOutputs()?['body/Title']}; Total Cost: @{triggerOutputs()?['body/TotalCost']}","ApprovalCreationInput/assignedTo":"@{triggerOutputs()?['body/DepartmentVP/Email']};","ApprovalCreationInput/details":"### Requested by & Company and/or Department to expense/capitalize: \n @{triggerOutputs()?['body/CostCenter']}\n\n### Business Justification:\n@{triggerOutputs()?['body/BusinessJustification']}\n\n### Budget line item\n@{triggerBody()?['Budgetlineitem']}\n\n### Total Cost:\n@{triggerOutputs()?['body/TotalCost']}\n \n\n### Delivery address for shipping and any attention to needed at location: \n@{triggerOutputs()?['body/Deliveryaddressforshipping']}\n@{triggerOutputs()?['body/ShiptoNameEmail']}\n\n#### Comments from SharePoint (if Any)\n@{variables('Approval Message')}\n","ApprovalCreationInput/itemLink":"@triggerOutputs()?['body/{Link}']","ApprovalCreationInput/itemLinkDescription":"Link to SharePoint","ApprovalCreationInput/requestor":"@triggerBody()?['Author/Email']","ApprovalCreationInput/enableNotifications":true,"ApprovalCreationInput/enableReassignment":true,"ApprovalCreationInput/attachments":"@variables('emailbody')"},"host":{"apiId":"/providers/Microsoft.PowerApps/apis/shared_approvals","connectionName":"shared_approvals","operationId":"CreateAnApproval"},"authentication":"@parameters('$authentication')"}},"Update_item-_approval_request_to_sent":{"runAfter":{"Create_an_approval":["Succeeded"]},"metadata":{"operationMetadataId":"754fcdfd-9b52-4400-aa7c-eda5dcaf48a5"},"type":"OpenApiConnection","inputs":{"parameters":{"dataset":"https://zones.sharepoint.com/teams/Finance/globalfinance","table":"c6c0398d-92e5-48cf-8270-b24d2f1b39b4","id":"@triggerOutputs()?['body/ID']","item/CostCenter":"@triggerOutputs()?['body/CostCenter']","item/Deliveryaddressforshipping":"@triggerOutputs()?['body/Deliveryaddressforshipping']","item/ShiptoCity":"@triggerOutputs()?['body/ShiptoCity']","item/ShiptoZipCode":"@triggerBody()?['ShiptoZipCode']","item/ShiptoNameEmail":"@triggerOutputs()?['body/ShiptoNameEmail']","item/TotalCost":"@triggerOutputs()?['body/TotalCost']","item/BusinessJustification":"@triggerOutputs()?['body/BusinessJustification']","item/SKU_x002c_QTYTotalCost":"<p>@{triggerOutputs()?['body/SKU_x002c_QTYTotalCost']}</p>","item/ApprovalRequested/Value":"Yes"},"host":{"apiId":"/providers/Microsoft.PowerApps/apis/shared_sharepointonline","connectionName":"shared_sharepointonline","operationId":"PatchItem"},"authentication":"@parameters('$authentication')"}},"Condition_2":{"actions":{"Condition_1":{"actions":{"Update_item_2-greater_than_25k":{"metadata":{"operationMetadataId":"32d3b687-cb33-4311-acc5-897d5c700b7e"},"type":"OpenApiConnection","inputs":{"parameters":{"dataset":"https://zones.sharepoint.com/teams/Finance/globalfinance","table":"c6c0398d-92e5-48cf-8270-b24d2f1b39b4","id":"@outputs('Update_item-_approval_request_to_sent')?['body/ID']","item/CostCenter":"@outputs('Update_item-_approval_request_to_sent')?['body/CostCenter']","item/Deliveryaddressforshipping":"@outputs('Update_item-_approval_request_to_sent')?['body/Deliveryaddressforshipping']","item/ShiptoCity":"@outputs('Update_item-_approval_request_to_sent')?['body/ShiptoCity']","item/ShiptoZipCode":"@outputs('Update_item-_approval_request_to_sent')?['body/ShiptoZipCode']","item/ShiptoNameEmail":"@outputs('Update_item-_approval_request_to_sent')?['body/ShiptoNameEmail']","item/TotalCost":"@outputs('Update_item-_approval_request_to_sent')?['body/TotalCost']","item/BusinessJustification":"@outputs('Update_item-_approval_request_to_sent')?['body/BusinessJustification']","item/SKU_x002c_QTYTotalCost":"<p>@{outputs('Update_item-_approval_request_to_sent')?['body/SKU_x002c_QTYTotalCost']}</p>","item/Status/Value":"Pending Finance VP Approval","item/ApprovalInfofromDeptVP":"<p>@{outputs('Compose-copy')}</p>"},"host":{"apiId":"/providers/Microsoft.PowerApps/apis/shared_sharepointonline","connectionName":"shared_sharepointonline","operationId":"PatchItem"},"authentication":"@parameters('$authentication')"}},"Create_an_approval-copy-copy":{"runAfter":{"Update_item_2-greater_than_25k":["Succeeded"]},"metadata":{"operationMetadataId":"1ad773e1-96ae-4b65-ab27-d48129a27dd0"},"type":"OpenApiConnection","inputs":{"parameters":{"approvalType":"Basic","ApprovalCreationInput/title":"Please approve order: @{triggerOutputs()?['body/Title']}; Total Cost: @{triggerOutputs()?['body/TotalCost']}","ApprovalCreationInput/assignedTo":"@outputs('Update_item_2-greater_than_25k')?['body/FinanceVP/Email']","ApprovalCreationInput/details":"### Requested by & Company and/or Department to expense/capitalize: \n @{triggerOutputs()?['body/CostCenter']}\n\n### Business Justification:\n@{triggerOutputs()?['body/BusinessJustification']}\n\n### Budget line item\n@{outputs('Update_item_2-greater_than_25k')?['body/Budgetlineitem']}\n\n### Total Cost:\n@{triggerOutputs()?['body/TotalCost']}\n \n\n### Delivery address for shipping and any attention to needed at location: \n@{triggerOutputs()?['body/Deliveryaddressforshipping']}\n@{triggerOutputs()?['body/ShiptoNameEmail']}\n### Comments from SharePoint (If any)\n@{variables('Approval Message')}","ApprovalCreationInput/itemLink":"@triggerOutputs()?['body/{Link}']","ApprovalCreationInput/itemLinkDescription":"Click here to review ","ApprovalCreationInput/requestor":"@outputs('Update_item_2-greater_than_25k')?['body/Author/Email']","ApprovalCreationInput/enableNotifications":true,"ApprovalCreationInput/enableReassignment":true,"ApprovalCreationInput/attachments":"@variables('emailbody')"},"host":{"apiId":"/providers/Microsoft.PowerApps/apis/shared_approvals","connectionName":"shared_approvals","operationId":"CreateAnApproval"},"authentication":"@parameters('$authentication')"}},"Wait_for_an_approval-VP_Finance-copy":{"runAfter":{"Create_an_approval-copy-copy":["Succeeded"]},"metadata":{"operationMetadataId":"331e5b52-d7cb-4835-8088-a916900fb588"},"type":"OpenApiConnectionWebhook","inputs":{"parameters":{"approvalName":"@outputs('Create_an_approval-copy-copy')?['body/name']"},"host":{"apiId":"/providers/Microsoft.PowerApps/apis/shared_approvals","connectionName":"shared_approvals","operationId":"WaitForAnApproval"},"authentication":"@parameters('$authentication')"}},"Create_HTML_table-copy":{"runAfter":{"Set_variable_2":["Succeeded"]},"metadata":{"operationMetadataId":"9d586b99-91db-4a73-a233-841650e7f74a"},"type":"Table","inputs":{"from":"@outputs('Wait_for_an_approval-VP_Finance-copy')?['body/responses']","format":"HTML","columns":[{"header":"Approver","value":"@item()?['responder/displayName']"},{"header":"Decision","value":"@item()?['approverResponse']"},{"header":"Approval Date","value":"@formatDateTime(outputs('Wait_for_an_approval-VP_Finance-copy')?['body/completionDate'],'MM/dd/yy')"},{"header":"Comments","value":"@item()?['comments']"}]}},"Compose-Finance_VP_approval-copy":{"runAfter":{"Create_HTML_table-copy":["Succeeded"]},"metadata":{"operationMetadataId":"92bdbc1e-14c7-4b5b-8c3a-cf6e1cdfc716"},"type":"Compose","inputs":"@replace(replace(replace(body('Create_HTML_table-Copy'),'<table>','<table border=\"1px solid #ddd\" width=\"100%\" '),'<td>','<td style=\"padding:10px\">'),'<th>','<th style=\"padding:10px\">')\r\n\r\n"},"Condition_1-copy-copy":{"actions":{"Update_Approval_Status_1":{"metadata":{"operationMetadataId":"6ef1431e-18f4-4a12-9c90-00b677854fdc"},"type":"OpenApiConnection","inputs":{"parameters":{"dataset":"https://zones.sharepoint.com/teams/Finance/globalfinance","table":"c6c0398d-92e5-48cf-8270-b24d2f1b39b4","id":"@outputs('Update_item_2-greater_than_25k')?['body/ID']","item/CostCenter":"@outputs('Update_item-_approval_request_to_sent')?['body/CostCenter']","item/Deliveryaddressforshipping":"@outputs('Update_item-_approval_request_to_sent')?['body/Deliveryaddressforshipping']","item/ShiptoCity":"@outputs('Update_item-_approval_request_to_sent')?['body/ShiptoCity']","item/ShiptoZipCode":"@outputs('Update_item-_approval_request_to_sent')?['body/ShiptoZipCode']","item/ShiptoNameEmail":"@outputs('Update_item-_approval_request_to_sent')?['body/ShiptoNameEmail']","item/TotalCost":"@outputs('Update_item-_approval_request_to_sent')?['body/TotalCost']","item/BusinessJustification":"@outputs('Update_item-_approval_request_to_sent')?['body/BusinessJustification']","item/SKU_x002c_QTYTotalCost":"<p class=\"editor-paragraph\">@{outputs('Update_item-_approval_request_to_sent')?['body/SKU_x002c_QTYTotalCost']}</p>","item/Status/Value":"Approved","item/ApprovalInfofromVPFinance":"<p class=\"editor-paragraph\">@{outputs('Compose-Finance_VP_approval-copy')}</p>"},"host":{"apiId":"/providers/Microsoft.PowerApps/apis/shared_sharepointonline","connectionName":"shared_sharepointonline","operationId":"PatchItem"},"authentication":"@parameters('$authentication')"}},"Send_an_email_(V2)_1":{"runAfter":{"Update_Approval_Status_1":["Succeeded"]},"metadata":{"operationMetadataId":"7865a624-ec57-444b-9d96-e703786fdc79"},"type":"OpenApiConnection","inputs":{"parameters":{"emailMessage/To":"hamad.ullah@zones.com","emailMessage/Subject":"Please Order : @{body('Update_Approval_Status_1')?['Title']}","emailMessage/Body":"<p class=\"editor-paragraph\">Hi Team<br><br>Kindly process the below order:</p><p class=\"editor-paragraph\"><br><b><strong class=\"editor-text-bold\">Name of recipient of requested item(s) &amp; Department:</strong></b></p><br><p class=\"editor-paragraph\">@{outputs('Update_Approval_Status_1')?['body/CostCenter']}</p><p class=\"editor-paragraph\"><br><b><strong class=\"editor-text-bold\">Brief business justification for request that explains the need and use for the equipment (a sentence or two):</strong></b></p><br><p class=\"editor-paragraph\">@{outputs('Update_Approval_Status_1')?['body/BusinessJustification']}</p><p class=\"editor-paragraph\"><br><b><strong class=\"editor-text-bold\">Delivery address for shipping and any attention to needed at location:</strong></b></p><br><p class=\"editor-paragraph\">@{outputs('Update_Approval_Status_1')?['body/Deliveryaddressforshipping']}</p><p class=\"editor-paragraph\">@{outputs('Update_Approval_Status_1')?['body/ShiptoCity']}</p><p class=\"editor-paragraph\">@{outputs('Update_Approval_Status_1')?['body/ShiptoState']}</p><br><p class=\"editor-paragraph\">Attention To: @{outputs('Update_Approval_Status_1')?['body/ShiptoNameEmail']}</p><p class=\"editor-paragraph\"><br><b><strong class=\"editor-text-bold\">AX Product SKU and manufacturer part number, Qty and per unit cost:</strong></b></p><p class=\"editor-paragraph\">@{outputs('Update_Approval_Status_1')?['body/SKU_x002c_QTYTotalCost']}</p><br><p class=\"editor-paragraph\"><b><strong class=\"editor-text-bold\">Total Cost:</strong></b></p><p class=\"editor-paragraph\">@{outputs('Update_Approval_Status_1')?['body/TotalCost']}<br><br><b><strong class=\"editor-text-bold\">Approval Information:</strong></b></p><br><p class=\"editor-paragraph\">@{outputs('Update_item_2-greater_than_25k')?['body/ApprovalInfofromDeptVP']}</p><p class=\"editor-paragraph\"><br>@{outputs('Update_Approval_Status_1')?['body/ApprovalInfofromVPFinance']}</p><br><p class=\"editor-paragraph\"><b><strong class=\"editor-text-bold\">Comments from SharePoint (If Any)</strong></b></p><br><p class=\"editor-paragraph\">@{outputs('Compose_Table_formatting_')}@{body('Create_HTML_table_for_comments')}</p><br><p class=\"editor-paragraph\"><a href=\"@{outputs('Update_Approval_Status_1')?['body/{Link}']}\" class=\"editor-link\"><b><strong class=\"editor-text-bold\">View Order Form</strong></b></a></p><p class=\"editor-paragraph\"><b><strong class=\"editor-text-bold\" style=\"background-color: rgb(222, 93, 93);\">Note: If you have any question please click on item link and post your question in comments section of the item.</strong></b></p><br><p class=\"editor-paragraph\">Best Regards!<br></p><br>","emailMessage/Attachments":"@variables('2nd email')","emailMessage/Importance":"Normal"},"host":{"apiId":"/providers/Microsoft.PowerApps/apis/shared_office365","connectionName":"shared_office365","operationId":"SendEmailV2"},"authentication":"@parameters('$authentication')"}}},"runAfter":{"Compose-Finance_VP_approval-copy":["Succeeded"]},"else":{"actions":{"Update_Approval_Status_to_Rejected__1":{"metadata":{"operationMetadataId":"e56e2b38-1297-45e3-950d-d772eec01a19"},"type":"OpenApiConnection","inputs":{"parameters":{"dataset":"https://zones.sharepoint.com/teams/Finance/globalfinance","table":"c6c0398d-92e5-48cf-8270-b24d2f1b39b4","id":"@body('Update_item-_approval_request_to_sent')?['ID']","item/CostCenter":"@outputs('Update_item-_approval_request_to_sent')?['body/CostCenter']","item/Deliveryaddressforshipping":"@outputs('Update_item-_approval_request_to_sent')?['body/Deliveryaddressforshipping']","item/ShiptoCity":"@outputs('Update_item-_approval_request_to_sent')?['body/ShiptoCity']","item/ShiptoZipCode":"@outputs('Update_item-_approval_request_to_sent')?['body/ShiptoZipCode']","item/ShiptoNameEmail":"@outputs('Update_item-_approval_request_to_sent')?['body/ShiptoNameEmail']","item/TotalCost":"@outputs('Update_item-_approval_request_to_sent')?['body/TotalCost']","item/BusinessJustification":"@outputs('Update_item-_approval_request_to_sent')?['body/BusinessJustification']","item/SKU_x002c_QTYTotalCost":"<p class=\"editor-paragraph\">@{outputs('Update_item-_approval_request_to_sent')?['body/SKU_x002c_QTYTotalCost']}</p>","item/Status/Value":"Rejected","item/ApprovalInfofromVPFinance":"<p class=\"editor-paragraph\">@{outputs('Compose-Finance_VP_approval-copy')}</p>"},"host":{"apiId":"/providers/Microsoft.PowerApps/apis/shared_sharepointonline","connectionName":"shared_sharepointonline","operationId":"PatchItem"},"authentication":"@parameters('$authentication')"}},"Send_an_email_(V2)_1-copy_1":{"runAfter":{"Update_Approval_Status_to_Rejected__1":["Succeeded"]},"metadata":{"operationMetadataId":"412d83df-4107-4d7e-8394-55105185b851"},"type":"OpenApiConnection","inputs":{"parameters":{"emailMessage/To":"@outputs('Update_Approval_Status_to_Rejected__1')?['body/Author/Email']","emailMessage/Subject":"Your Order for @{body('Update_Approval_Status_to_Rejected__1')?['Title']} is Rejected","emailMessage/Body":"<p class=\"editor-paragraph\">Hi</p><br><p class=\"editor-paragraph\">You order request is reject by: @{outputs('Update_Approval_Status_to_Rejected__1')?['body/FinanceVP/DisplayName']}</p><br><p class=\"editor-paragraph\"><b><strong class=\"editor-text-bold\">Approval History:</strong></b></p><br><p class=\"editor-paragraph\">@{outputs('Update_Approval_Status_to_Rejected__1')?['body/ApprovalInfofromDeptVP']}</p><br><p class=\"editor-paragraph\">@{outputs('Update_Approval_Status_to_Rejected__1')?['body/ApprovalInfofromVPFinance']}</p><br><br><p class=\"editor-paragraph\"><a href=\"@{outputs('Update_Approval_Status_to_Rejected__1')?['body/{Link}']}\" class=\"editor-link\">View Order Form</a></p><br><p class=\"editor-paragraph\">Best Regards!</p>","emailMessage/Importance":"Normal"},"host":{"apiId":"/providers/Microsoft.PowerApps/apis/shared_office365","connectionName":"shared_office365","operationId":"SendEmailV2"},"authentication":"@parameters('$authentication')"}}}},"expression":{"and":[{"equals":["@outputs('Wait_for_an_approval-VP_Finance-copy')?['body/outcome']","Approve"]}]},"metadata":{"operationMetadataId":"aa89d51e-852c-4462-996e-3f361c1ca54f"},"type":"If"},"Do_until":{"actions":{"Delay_2":{"metadata":{"operationMetadataId":"08f4436e-8a8b-4560-9791-2d2a550dc45c"},"type":"Wait","inputs":{"interval":{"count":3,"unit":"Day"}}},"Condition_4":{"actions":{"Send_an_email_(V2)":{"metadata":{"operationMetadataId":"2675cdc6-2a79-4439-a7db-7cc0ef984dd8"},"type":"OpenApiConnection","inputs":{"parameters":{"emailMessage/To":"@outputs('Update_item_2-greater_than_25k')?['body/FinanceVP/Email']","emailMessage/Subject":"A Gentle Reminder","emailMessage/Body":"<p>Hi<br>\nOrder for @{outputs('Update_item_2-greater_than_25k')?['body/Title']} is pending your Approval<br>\n<a href='@{outputs('Create_an_approval-copy-copy')?['body/respondLink']}'>Click Here to Approve</a><br>\n<br>\nBest Regards<br>\nInhouse Order Team<br>\n</p>","emailMessage/Importance":"Normal"},"host":{"apiId":"/providers/Microsoft.PowerApps/apis/shared_office365","connectionName":"shared_office365","operationId":"SendEmailV2"},"authentication":"@parameters('$authentication')"}}},"runAfter":{"Delay_2":["Succeeded"]},"else":{"actions":{}},"expression":{"equals":["@variables('Approval Complete Finance')","@false"]},"metadata":{"operationMetadataId":"f4ce6580-1258-4bbf-85b2-6dc87ec2057a"},"type":"If"}},"runAfter":{"Create_an_approval-copy-copy":["Succeeded"]},"expression":"@equals(variables('Approval Complete Finance'), true)","limit":{"count":2,"timeout":"PT244H"},"metadata":{"operationMetadataId":"ed1639c8-e3be-4920-b669-de4ab7155f86"},"type":"Until"},"Set_variable_2":{"runAfter":{"Wait_for_an_approval-VP_Finance-copy":["Succeeded"]},"metadata":{"operationMetadataId":"842478d6-6336-4519-a1d0-d0d1ce0aeb6d"},"type":"SetVariable","inputs":{"name":"Approval Complete Finance","value":"@true"}}},"else":{"actions":{"Update_item-_$25k":{"metadata":{"operationMetadataId":"32d3b687-cb33-4311-acc5-897d5c700b7e"},"type":"OpenApiConnection","inputs":{"parameters":{"dataset":"https://zones.sharepoint.com/teams/Finance/globalfinance","table":"c6c0398d-92e5-48cf-8270-b24d2f1b39b4","id":"@outputs('Update_item-_approval_request_to_sent')?['body/ID']","item/CostCenter":"@outputs('Update_item-_approval_request_to_sent')?['body/CostCenter']","item/Deliveryaddressforshipping":"@outputs('Update_item-_approval_request_to_sent')?['body/Deliveryaddressforshipping']","item/ShiptoCity":"@outputs('Update_item-_approval_request_to_sent')?['body/ShiptoCity']","item/ShiptoZipCode":"@outputs('Update_item-_approval_request_to_sent')?['body/ShiptoZipCode']","item/ShiptoNameEmail":"@outputs('Update_item-_approval_request_to_sent')?['body/ShiptoNameEmail']","item/TotalCost":"@outputs('Update_item-_approval_request_to_sent')?['body/TotalCost']","item/BusinessJustification":"@outputs('Update_item-_approval_request_to_sent')?['body/BusinessJustification']","item/SKU_x002c_QTYTotalCost":"<p>@{outputs('Update_item-_approval_request_to_sent')?['body/SKU_x002c_QTYTotalCost']}</p>","item/Status/Value":"Approved","item/ApprovalInfofromDeptVP":"<p>@{outputs('Compose-copy')}</p>"},"host":{"apiId":"/providers/Microsoft.PowerApps/apis/shared_sharepointonline","connectionName":"shared_sharepointonline","operationId":"PatchItem"},"authentication":"@parameters('$authentication')"}},"Send_an_email_(V2)-_$25k":{"runAfter":{"Update_item-_$25k":["Succeeded"]},"metadata":{"operationMetadataId":"77887e21-cc11-4e48-b620-d795f6318843"},"type":"OpenApiConnection","inputs":{"parameters":{"emailMessage/To":"hamad.ullah@zones.com","emailMessage/Subject":"Please Order : @{outputs('Update_item-_$25k')?['body/Title']} ","emailMessage/Body":"<p class=\"editor-paragraph\">Hi Team<br><br>Kindly process the below order:</p><p class=\"editor-paragraph\"><br><b><strong class=\"editor-text-bold\">Name of recipient of requested item(s) &amp; Department:</strong></b></p><p class=\"editor-paragraph\">@{outputs('Update_item-_$25k')?['body/CostCenter']}</p><p class=\"editor-paragraph\">Attention To: @{outputs('Update_item-_$25k')?['body/ShiptoNameEmail']}</p><p class=\"editor-paragraph\"><br><b><strong class=\"editor-text-bold\">Brief business justification for request that explains the need and use for the equipment (a sentence or two):</strong></b></p><p class=\"editor-paragraph\">@{outputs('Update_item-_$25k')?['body/BusinessJustification']}<br><br><b><strong class=\"editor-text-bold\">Delivery address for shipping and any attention to needed at location:</strong></b></p><p class=\"editor-paragraph\">@{outputs('Update_item-_$25k')?['body/Deliveryaddressforshipping']}</p><p class=\"editor-paragraph\">@{outputs('Update_item-_$25k')?['body/ShiptoCity']}</p><p class=\"editor-paragraph\">@{outputs('Update_item-_$25k')?['body/ShiptoState']}</p><br><p class=\"editor-paragraph\"><b><strong class=\"editor-text-bold\">Totol Cost:</strong></b></p><p class=\"editor-paragraph\">@{outputs('Update_item-_$25k')?['body/TotalCost']}<br><br><b><strong class=\"editor-text-bold\">AX Product SKU and manufacturer part number, Qty and per unit cost:</strong></b></p><p class=\"editor-paragraph\">@{outputs('Update_item-_$25k')?['body/SKU_x002c_QTYTotalCost']}<br><br><b><strong class=\"editor-text-bold\">Approval Information:</strong></b></p><p class=\"editor-paragraph\"><br>@{outputs('Update_item-_$25k')?['body/ApprovalInfofromDeptVP']}</p><br><br><p class=\"editor-paragraph\"><a href=\"@{outputs('Update_item-_$25k')?['body/{Link}']}\" class=\"editor-link\"><b><strong class=\"editor-text-bold\">View Order Form</strong></b></a></p><p class=\"editor-paragraph\"><b><strong class=\"editor-text-bold\" style=\"background-color: rgb(222, 93, 93);\">Note: If you have any question please click on item link and post your question in comments section of the item.</strong></b></p><br><p class=\"editor-paragraph\"><b><strong class=\"editor-text-bold\" style=\"background-color: rgb(205, 99, 99);\">Since this is Less than $25k and approved by Department VP, it does not require VP finance approval</strong></b></p><br><p class=\"editor-paragraph\">Best Regards!</p><p class=\"editor-paragraph\"><span style=\"background-color: rgb(248, 250, 253);\">IT Orders</span></p><br>","emailMessage/Cc":"hamad.ullah@zones.com;IT-Orders@zones.com;Carl.Thomas@zones.com","emailMessage/Attachments":"@variables('2nd email')","emailMessage/Importance":"Normal"},"host":{"apiId":"/providers/Microsoft.PowerApps/apis/shared_office365","connectionName":"shared_office365","operationId":"SendEmailV2"},"authentication":"@parameters('$authentication')"}},"Terminate":{"runAfter":{"Send_an_email_(V2)-_$25k":["Succeeded"]},"metadata":{"operationMetadataId":"494c1665-2f00-4377-a223-d5f8383de2bd"},"type":"Terminate","inputs":{"runStatus":"Succeeded"}}}},"expression":{"and":[{"greater":["@outputs('Update_item-_approval_request_to_sent')?['body/TotalCost']",25000]}]},"metadata":{"operationMetadataId":"a8d491f3-e1bf-4a96-9ca3-1f94bd47e134"},"type":"If"}},"runAfter":{"Compose-copy":["Succeeded"]},"else":{"actions":{"Update_item_2-copy-copy-copy":{"metadata":{"operationMetadataId":"32d3b687-cb33-4311-acc5-897d5c700b7e"},"type":"OpenApiConnection","inputs":{"parameters":{"dataset":"https://zones.sharepoint.com/teams/Finance/globalfinance","table":"c6c0398d-92e5-48cf-8270-b24d2f1b39b4","id":"@outputs('Update_item-_approval_request_to_sent')?['body/ID']","item/CostCenter":"@outputs('Update_item-_approval_request_to_sent')?['body/CostCenter']","item/Deliveryaddressforshipping":"@outputs('Update_item-_approval_request_to_sent')?['body/Deliveryaddressforshipping']","item/ShiptoCity":"@outputs('Update_item-_approval_request_to_sent')?['body/ShiptoCity']","item/ShiptoZipCode":"@outputs('Update_item-_approval_request_to_sent')?['body/ShiptoZipCode']","item/ShiptoNameEmail":"@outputs('Update_item-_approval_request_to_sent')?['body/ShiptoNameEmail']","item/TotalCost":"@outputs('Update_item-_approval_request_to_sent')?['body/TotalCost']","item/BusinessJustification":"@outputs('Update_item-_approval_request_to_sent')?['body/BusinessJustification']","item/SKU_x002c_QTYTotalCost":"<p>@{outputs('Update_item-_approval_request_to_sent')?['body/SKU_x002c_QTYTotalCost']}</p>","item/Status/Value":"Rejected","item/ApprovalInfofromDeptVP":"<p>@{outputs('Compose-copy')}</p>"},"host":{"apiId":"/providers/Microsoft.PowerApps/apis/shared_sharepointonline","connectionName":"shared_sharepointonline","operationId":"PatchItem"},"authentication":"@parameters('$authentication')"}}}},"expression":{"and":[{"equals":["@outputs('Wait_for_an_approval')?['body/outcome']","Approve"]}]},"metadata":{"operationMetadataId":"9f624002-8413-4732-9716-112b0cebca45"},"type":"If"},"Wait_for_an_approval":{"runAfter":{"Update_item-_approval_request_to_sent":["Succeeded"]},"metadata":{"operationMetadataId":"331e5b52-d7cb-4835-8088-a916900fb588"},"type":"OpenApiConnectionWebhook","inputs":{"parameters":{"approvalName":"@outputs('Create_an_approval')?['body/name']"},"host":{"apiId":"/providers/Microsoft.PowerApps/apis/shared_approvals","connectionName":"shared_approvals","operationId":"WaitForAnApproval"},"authentication":"@parameters('$authentication')"}},"Do_until_2":{"actions":{"Delay":{"metadata":{"operationMetadataId":"5d084d6a-459d-4070-bf05-690f7abc2f93"},"type":"Wait","inputs":{"interval":{"count":3,"unit":"Day"}}},"Condition_3":{"actions":{"Send_an_email_(V2)_2":{"metadata":{"operationMetadataId":"a567eef1-0fff-400f-9816-e4d4f8778cbf"},"type":"OpenApiConnection","inputs":{"parameters":{"emailMessage/To":"@outputs('Update_item-_approval_request_to_sent')?['body/DepartmentVP/Email']","emailMessage/Subject":"A Gentle Reminder","emailMessage/Body":"<p>Hi<br>\nOrder for @{outputs('Update_item-_approval_request_to_sent')?['body/Title']} is pending your Approval<br>\n<a href='@{outputs('Create_an_approval')?['body/respondLink']}'>Click Here to Approve</a><br>\n<br>\nBest Regards<br>\nInhouse Order Team<br>\n</p>","emailMessage/Importance":"Normal"},"host":{"apiId":"/providers/Microsoft.PowerApps/apis/shared_office365","connectionName":"shared_office365","operationId":"SendEmailV2"},"authentication":"@parameters('$authentication')"}}},"runAfter":{"Delay":["Succeeded"]},"else":{"actions":{}},"expression":{"equals":["@variables('Approval Complete VP')","@false"]},"metadata":{"operationMetadataId":"cec4e854-215e-4415-84e2-ded1e1915ad8"},"type":"If"}},"runAfter":{"Update_item-_approval_request_to_sent":["Succeeded"]},"expression":"@equals(variables('Approval Complete VP'), true)","limit":{"count":2,"timeout":"PT244H"},"metadata":{"operationMetadataId":"d86396fc-9368-41ae-a800-8a892c6d64ab"},"type":"Until"},"Set_variable":{"runAfter":{"Wait_for_an_approval":["Succeeded"]},"metadata":{"operationMetadataId":"16b6372b-b1f4-4c56-9608-2013f7918488"},"type":"SetVariable","inputs":{"name":"Approval Complete VP","value":"@true"}}},"runAfter":{"Initialize_variable_4":["Succeeded"]},"else":{"actions":{}},"expression":{"and":[{"equals":["@triggerBody()?['ApprovalRequested/Value']","No"]},{"equals":["@triggerBody()?['Status/Value']","Pending Dept VP approval"]},{"equals":["@triggerBody()?['DepartmentVP/DisplayName']","James Yaws"]}]},"metadata":{"operationMetadataId":"35a63870-0173-46ce-a01c-de08c4e5dc13"},"type":"If"},"Initialize_variable":{"runAfter":{"Compose_Table_formatting_":["Succeeded"]},"metadata":{"operationMetadataId":"0c064532-bada-436a-ba75-ac105404e65e"},"type":"InitializeVariable","inputs":{"variables":[{"name":"emailbody","type":"array"}]}},"Get_attachments-copy":{"runAfter":{"Initialize_variable":["Succeeded"]},"metadata":{"operationMetadataId":"75956c95-6670-411b-8fb7-4d9760c2b83b"},"type":"OpenApiConnection","inputs":{"parameters":{"dataset":"https://zones.sharepoint.com/teams/Finance/globalfinance","table":"c6c0398d-92e5-48cf-8270-b24d2f1b39b4","itemId":"@triggerBody()?['ID']"},"host":{"apiId":"/providers/Microsoft.PowerApps/apis/shared_sharepointonline","connectionName":"shared_sharepointonline","operationId":"GetItemAttachments"},"authentication":"@parameters('$authentication')"}},"For_each_1-copy-copy":{"foreach":"@body('Get_attachments-copy')","actions":{"Append_to_array_variable_1":{"runAfter":{"Get_attachment_content-copy_1":["Succeeded"]},"metadata":{"operationMetadataId":"88e4ed11-2902-4f9e-ac65-c91759bb6d1b"},"type":"AppendToArrayVariable","inputs":{"name":"2nd email","value":{"Name":"@items('For_each_1-copy-copy')?['DisplayName']","ContentBytes":"@body('Get_attachment_content-copy_1')"}}},"Get_attachment_content-copy_1":{"metadata":{"operationMetadataId":"c8fc9582-44b7-4652-aee7-c4de31a7fc73"},"type":"OpenApiConnection","inputs":{"parameters":{"dataset":"https://zones.sharepoint.com/teams/Finance/globalfinance","table":"c6c0398d-92e5-48cf-8270-b24d2f1b39b4","itemId":"@triggerBody()?['ID']","attachmentId":"@item()?['Id']"},"host":{"apiId":"/providers/Microsoft.PowerApps/apis/shared_sharepointonline","connectionName":"shared_sharepointonline","operationId":"GetAttachmentContent"},"authentication":"@parameters('$authentication')"}},"Append_to_array_variable_1-copy":{"runAfter":{"Append_to_array_variable_1":["Succeeded"]},"metadata":{"operationMetadataId":"88e4ed11-2902-4f9e-ac65-c91759bb6d1b"},"type":"AppendToArrayVariable","inputs":{"name":"emailbody","value":{"name":"@item()?['DisplayName']","content":"@body('Get_attachment_content-copy_1')"}}}},"runAfter":{"Initialize_variable_1":["Succeeded"]},"metadata":{"operationMetadataId":"ab5828ef-c202-4f5a-911c-0f78733b84f1"},"type":"Foreach"},"Initialize_variable_1":{"runAfter":{"Get_attachments-copy":["Succeeded"]},"metadata":{"operationMetadataId":"cdd42c51-3033-46ce-9bac-753398364c2d"},"type":"InitializeVariable","inputs":{"variables":[{"name":"2nd email","type":"array"}]}},"Send_an_HTTP_request_to_SharePoint":{"runAfter":{},"metadata":{"operationMetadataId":"c2abb99b-76ea-4d1c-bee0-4c1343d4af27"},"type":"OpenApiConnection","inputs":{"parameters":{"dataset":"https://zones.sharepoint.com/teams/Finance/globalfinance","parameters/method":"GET","parameters/uri":"_api/web/lists/getbytitle('Inhouse order requests')/items(@{triggerBody()?['ID']})/Comments\n","parameters/headers":{"accept":"application/json;odata=verbose","content-type":"application/json;odata=verbose"}},"host":{"apiId":"/providers/Microsoft.PowerApps/apis/shared_sharepointonline","connectionName":"shared_sharepointonline","operationId":"HttpRequest"},"authentication":"@parameters('$authentication')"}},"Compose":{"runAfter":{"Send_an_HTTP_request_to_SharePoint":["Succeeded"]},"metadata":{"operationMetadataId":"54ebae42-1395-45f1-bff6-b9f416a1709f"},"type":"Compose","inputs":"@outputs('Send_an_HTTP_request_to_SharePoint')?['body']['d']['results']\r\n"},"Select":{"runAfter":{"Compose":["Succeeded"]},"metadata":{"operationMetadataId":"c81b3bc8-d2e1-4d88-9516-f0182622ca38"},"type":"Select","inputs":{"from":"@outputs('Compose')","select":{"Name":"@item()?['author']['name']","Date":"@formatdateTime(item()?['createdDate'], 'dd MMM yy')","Text":"@item()?['text']"}}},"Create_HTML_table_for_comments":{"runAfter":{"Apply_to_each":["Succeeded"]},"metadata":{"operationMetadataId":"706c5e9f-c1fe-4fdd-84a1-71d2082511e7"},"type":"Table","inputs":{"from":"@body('Select')","format":"HTML"}},"Compose_Table_formatting_":{"runAfter":{"Create_HTML_table_for_comments":["Succeeded"]},"metadata":{"operationMetadataId":"dd80135c-cd00-4602-8189-ab4395be2008"},"type":"Compose","inputs":"<style>\ntable {\n  border: 1px solid #1C6EA4;\n  background-color: #EEEEEE;\n  width: 100%;\n  text-align: left;\n  border-collapse: collapse;\n  table-layout: auto;\n}\ntable td, table th {\n  border: 1px solid #AAAAAA;\n  padding: 10px;\n}\ntable tbody td {\n  font-size: 13px;\n}\ntable thead {\n  background: #1C6EA4;\n  border-bottom: 2px solid #444444;\n}\ntable thead th {\n  font-size: 15px;\n  font-weight: bold;\n  text-align: left;\n  color: #FFFFFF;\n  border-left: 2px solid #D0E4F5;\n}\ntable thead th:first-child {\n  border-left: none;\n}\n</style>"},"Parse_JSON":{"runAfter":{"Select":["Succeeded"]},"metadata":{"operationMetadataId":"44116bf2-88ac-4b1e-98af-17dcede518cb"},"type":"ParseJson","inputs":{"content":"@body('Select')","schema":{"type":"array","items":{"type":"object","properties":{"Name":{"type":"string"},"Date":{"type":"string"},"Text":{"type":"string"}},"required":["Name","Date","Text"]}}}},"Initialize_variable_2":{"runAfter":{"Parse_JSON":["Succeeded"]},"metadata":{"operationMetadataId":"ea82906c-df03-4746-be52-ebd7e52e895c"},"type":"InitializeVariable","inputs":{"variables":[{"name":"Approval Message","type":"string","value":"| Name | Date | Comments |\n|-------:|------:|-------------:|"}]}},"Apply_to_each":{"foreach":"@body('Parse_JSON')","actions":{"Append_to_string_variable":{"metadata":{"operationMetadataId":"80cd9fa5-e9d4-46bf-b5a7-82e09fd992c3"},"type":"AppendToStringVariable","inputs":{"name":"Approval Message","value":"\n|@{item()['Name']} | @{item()['Date']} | @{item()['Text']}|"}}},"runAfter":{"Initialize_variable_2":["Succeeded"]},"metadata":{"operationMetadataId":"c661bb4a-5ef1-428d-8d10-506029d1d160"},"type":"Foreach"},"Initialize_variable_3":{"runAfter":{"For_each_1-copy-copy":["Succeeded"]},"metadata":{"operationMetadataId":"9ce82931-7302-4e06-9061-82d2ae888f52"},"type":"InitializeVariable","inputs":{"variables":[{"name":"Approval Complete VP","type":"boolean","value":"@false"}]}},"Initialize_variable_4":{"runAfter":{"Initialize_variable_3":["Succeeded"]},"metadata":{"operationMetadataId":"afbfeb13-19d9-413f-a8f7-6f4fa9d857eb"},"type":"InitializeVariable","inputs":{"variables":[{"name":"Approval Complete Finance","type":"boolean","value":"@false"}]}}},"outputs":{}},"connectionReferences":{"shared_sharepointonline":{"connectionName":"shared-sharepointonl-ebefa143-78ba-48f2-acc6-f29d7be91da7","source":"Embedded","id":"/providers/Microsoft.PowerApps/apis/shared_sharepointonline","tier":"NotSpecified","apiName":"sharepointonline"},"shared_approvals":{"connectionName":"shared-approvals-e22620d2-ddcb-43ac-ba68-4acfa2111e2e","source":"Embedded","id":"/providers/Microsoft.PowerApps/apis/shared_approvals","tier":"NotSpecified","apiName":"approvals"},"shared_office365":{"connectionName":"shared-office365-1124321a-bbbe-4216-977d-781ba7f116f3","source":"Embedded","id":"/providers/Microsoft.PowerApps/apis/shared_office365","tier":"NotSpecified","apiName":"office365"}},"flowFailureAlertSubscribed":false,"isManaged":false}}